City_ID,City,Country,Lat,Lng,Max Temp,Humidity,Cloudiness,Wind Speed,Current Description
0,Leningradskiy,RU,69.3833,178.4167,-4.02,97,100,5.3,overcast clouds
1,Ushuaia,AR,-54.8,-68.3,56.86,38,0,5.75,clear sky
2,Saint-Philippe,RE,-21.3585,55.7679,76.59,85,58,13.4,light rain
3,Saint George,US,37.1041,-113.5841,36.79,68,100,3.44,overcast clouds
4,Dabhol,IN,17.6,73.1667,75.33,64,22,6.33,few clouds
5,Tuktoyaktuk,CA,69.4541,-133.0374,1.4,85,40,5.75,scattered clouds
6,Butaritari,KI,3.0707,172.7902,79.56,74,100,10.54,overcast clouds
7,Atuona,PF,-9.8,-139.0333,77.86,70,5,18.52,clear sky
8,Petatlan,MX,17.5167,-101.2667,76.8,76,18,0.29,few clouds
9,Vestmannaeyjar,IS,63.4427,-20.2734,49.19,93,100,40.29,mist
10,Nome,US,64.5011,-165.4064,23.07,63,0,16.11,clear sky
11,Mayo,US,38.8876,-76.5119,48.11,64,100,18.41,overcast clouds
12,Cherskiy,RU,68.75,161.3,-23.26,98,81,4.97,broken clouds
13,Nagua,DO,19.3832,-69.8474,82.45,74,40,6.91,scattered clouds
14,Roma,US,43.2128,-75.4557,40.73,88,100,6.91,light rain
15,Tiksi,RU,71.6872,128.8694,-20.72,100,100,3.49,overcast clouds
16,Rikitea,PF,-23.1203,-134.9692,74.52,88,87,17.58,overcast clouds
17,Carnarvon,AU,-24.8667,113.6333,67.96,75,0,26.35,clear sky
18,Baoning,CN,25.3378,110.026,66.06,55,0,6.71,clear sky
19,Mount Isa,AU,-20.7333,139.5,74.97,100,69,1.14,light rain
20,Mataura,NZ,-46.1927,168.8643,43.27,99,85,3.58,overcast clouds
21,Punta Arenas,CL,-53.15,-70.9167,59.11,41,0,18.41,clear sky
22,Faanui,PF,-16.4833,-151.75,71.71,86,100,2.68,light rain
23,Skibbereen,IE,51.55,-9.2667,55.11,84,100,10.74,overcast clouds
24,Hermanus,ZA,-34.4187,19.2345,69.8,69,0,10.29,clear sky
25,Cayenne,GF,4.9333,-52.3333,86.04,74,75,9.22,broken clouds
26,Hilo,US,19.7297,-155.09,69.24,78,0,5.75,clear sky
27,Hokitika,NZ,-42.7167,170.9667,53.22,87,0,4.29,clear sky
28,Nikolskoye,RU,59.7035,30.7861,42.8,70,100,7.9,overcast clouds
29,Vaini,TO,-21.2,-175.2,76.42,84,100,21.16,light rain
30,Prince Rupert,CA,54.3161,-130.3201,44.29,87,100,19.57,overcast clouds
31,Sitka,US,57.0531,-135.33,48.09,93,100,9.22,moderate rain
32,Kijang,KR,35.2442,129.2139,56.93,71,100,20.58,overcast clouds
33,Benguela,AO,-12.5763,13.4055,78.8,61,49,11.65,scattered clouds
34,Castro,BR,-24.7911,-50.0119,80.44,47,39,11.1,scattered clouds
35,Bluff,NZ,-46.6,168.3333,47.43,82,40,11.43,scattered clouds
36,Baykit,RU,61.67,96.37,4.37,95,100,7.2,light snow
37,Ponta Do Sol,PT,32.6667,-17.1,78.71,77,73,1.01,broken clouds
38,Hasaki,JP,35.7333,140.8333,63.0,89,76,17.13,broken clouds
39,Tasiilaq,GL,65.6145,-37.6368,41.16,62,100,22.44,overcast clouds
40,Cidreira,BR,-30.1811,-50.2056,71.91,80,100,19.08,overcast clouds
41,Greensburg,US,40.3015,-79.5389,37.15,84,100,11.5,overcast clouds
42,Lake City,US,30.1897,-82.6393,60.85,82,100,10.36,overcast clouds
43,Bredasdorp,ZA,-34.5322,20.0403,70.48,42,0,15.52,clear sky
44,Juneau,US,58.3019,-134.4197,42.22,97,100,13.8,snow
45,Brae,GB,60.3964,-1.353,52.72,94,39,15.86,scattered clouds
46,Albany,US,42.6001,-73.9662,44.46,73,100,1.01,overcast clouds
47,Humaita,BR,-7.5061,-63.0208,97.21,37,33,4.43,scattered clouds
48,Cape Town,ZA,-33.9258,18.4232,72.91,53,20,13.8,few clouds
49,Tigre,AR,-34.426,-58.5796,81.05,77,20,9.22,light rain
50,Surgut,RU,61.25,73.4167,14.18,92,75,7.0,broken clouds
51,Kibre Mengist,ET,5.8833,38.9833,61.16,84,29,1.14,light rain
52,Venado Tuerto,AR,-33.7456,-61.9688,70.77,63,100,14.29,moderate rain
53,Chokurdakh,RU,70.6333,147.9167,-32.75,100,76,4.99,broken clouds
54,Nenjiang,CN,49.1833,125.2167,23.11,49,99,7.16,light snow
55,Mahebourg,MU,-20.4081,57.7,77.29,65,20,3.44,few clouds
56,Airai,TL,-8.9266,125.4092,63.14,94,100,1.39,overcast clouds
57,Mount Gambier,AU,-37.8333,140.7667,50.49,98,87,4.83,overcast clouds
58,Saskylakh,RU,71.9167,114.0833,-6.75,97,100,11.59,overcast clouds
59,Kodiak,US,57.79,-152.4072,36.91,93,100,3.44,light rain
60,Barrow,US,71.2906,-156.7887,21.22,93,100,6.91,light snow
61,Belmonte,BR,-15.8631,-38.8828,82.67,65,83,8.57,broken clouds
62,Arequipa,PE,-16.3989,-71.535,68.07,11,0,5.75,clear sky
63,Busselton,AU,-33.65,115.3333,52.43,74,0,13.69,clear sky
64,Neuquen,AR,-38.9516,-68.0591,62.49,55,0,10.36,clear sky
65,Eniwa,JP,42.8779,141.5442,42.66,75,75,20.71,broken clouds
66,Ilulissat,GL,69.2167,-51.1,28.42,64,100,1.14,overcast clouds
67,Hare Bay,CA,48.8499,-54.0148,33.19,90,100,6.93,overcast clouds
68,Rabo De Peixe,PT,37.8,-25.5833,66.27,96,75,11.5,broken clouds
69,Richards Bay,ZA,-28.783,32.0377,68.83,93,100,16.84,moderate rain
70,Norman Wells,CA,65.282,-126.8329,5.04,92,20,2.3,few clouds
71,Giyani,ZA,-23.3025,30.7187,79.86,63,45,3.78,scattered clouds
72,East London,ZA,-33.0153,27.9116,70.74,52,0,25.32,clear sky
73,Poum,NC,-20.2333,164.0167,75.76,81,67,7.02,broken clouds
74,San Policarpo,PH,12.1791,125.5072,81.84,82,38,10.8,scattered clouds
75,Lebu,CL,-37.6167,-73.65,58.82,75,88,13.85,overcast clouds
76,Lumberton,US,34.6182,-79.0086,57.06,49,100,14.94,overcast clouds
77,Kafue,ZM,-15.7691,28.1814,81.77,48,80,2.17,broken clouds
78,Evans,US,33.5337,-82.1307,47.62,60,0,6.91,clear sky
79,New Norfolk,AU,-42.7826,147.0587,52.72,89,100,2.1,overcast clouds
80,Winslow,US,35.0242,-110.6974,28.58,80,0,4.61,clear sky
81,Pando,UY,-34.7167,-55.95,68.4,100,100,0.0,mist
82,Son La,VN,21.3167,103.9,65.71,90,65,3.76,broken clouds
83,Constitucion,CL,-35.3333,-72.4167,60.58,66,89,6.51,overcast clouds
84,Codrington,AU,-38.2667,141.9667,53.6,93,100,8.97,overcast clouds
85,Emba,KZ,48.8264,58.1442,40.91,92,100,23.06,light rain
86,Ribeira Grande,PT,38.5167,-28.7,63.0,67,40,18.41,scattered clouds
87,Hobart,AU,-42.8794,147.3294,53.06,97,75,0.0,broken clouds
88,Port Alfred,ZA,-33.5906,26.891,68.18,73,0,11.01,clear sky
89,Hithadhoo,MV,-0.6,73.0833,82.2,74,91,14.81,overcast clouds
90,Namibe,AO,-15.1961,12.1522,73.92,57,7,14.99,clear sky
91,Hervey Bay,AU,-25.2986,152.8535,72.43,73,100,13.13,overcast clouds
92,Mar Del Plata,AR,-38.0023,-57.5575,68.02,93,100,11.5,overcast clouds
93,Novopokrovka,UA,49.8425,36.5477,48.7,66,14,14.41,few clouds
94,Port Elizabeth,ZA,-33.918,25.5701,74.1,56,20,25.32,few clouds
95,Puerto Ayora,EC,-0.7393,-90.3518,71.56,82,100,5.01,overcast clouds
96,Sao Filipe,CV,14.8961,-24.4956,77.88,72,59,8.9,broken clouds
97,Puerto Escondido,MX,15.85,-97.0667,77.83,78,20,6.91,few clouds
98,Havoysund,NO,70.9963,24.6622,35.83,75,100,8.7,overcast clouds
99,Bengkulu,ID,-3.8004,102.2655,73.9,96,100,2.77,moderate rain
100,Denpasar,ID,-8.65,115.2167,82.06,88,40,5.75,scattered clouds
101,Cabo San Lucas,MX,22.8909,-109.9124,66.06,73,36,1.61,scattered clouds
102,Kaitangata,NZ,-46.2817,169.8464,47.46,78,95,5.7,overcast clouds
103,Belaya Gora,RU,68.5333,146.4167,-27.35,100,97,1.34,overcast clouds
104,Fort Morgan,US,40.2503,-103.8,18.82,79,0,4.61,clear sky
105,Isangel,VU,-19.55,169.2667,77.04,83,14,5.1,few clouds
106,Jamestown,US,42.097,-79.2353,34.18,80,100,11.01,overcast clouds
107,Haines Junction,CA,60.7522,-137.5108,28.35,74,81,2.3,broken clouds
108,Arraial Do Cabo,BR,-22.9661,-42.0278,82.26,65,20,9.22,few clouds
109,Provideniya,RU,64.3833,-173.3,12.02,68,1,4.54,clear sky
110,Yemelyanovo,RU,56.1681,92.6767,36.41,75,40,6.71,scattered clouds
111,Hearst,CA,49.6835,-83.6665,21.45,91,100,10.47,light snow
112,Kamariotissa,GR,40.4833,25.4667,63.27,62,24,16.37,few clouds
113,Aswan,EG,24.0934,32.907,87.1,35,0,6.91,clear sky
114,Victoria,HK,22.2855,114.1577,78.19,86,8,10.0,clear sky
115,Maniwaki,CA,46.3834,-75.966,28.78,59,36,8.05,scattered clouds
116,Abalak,RU,58.1286,68.5944,31.03,96,100,10.94,overcast clouds
117,Calama,CL,-22.4667,-68.9333,63.09,17,0,4.61,clear sky
118,Gat,IL,31.61,34.7642,81.28,18,0,8.37,clear sky
119,Klaeng,TH,12.7797,101.6483,84.94,85,67,3.69,broken clouds
120,Bad Hofgastein,AT,47.1667,13.1,56.14,58,1,11.01,clear sky
121,Maraba,BR,-5.3686,-49.1178,89.78,66,40,6.91,scattered clouds
122,Seymchan,RU,62.8833,152.4333,-32.89,100,57,1.48,broken clouds
123,Rafai,CF,4.95,23.9167,85.03,49,20,2.46,few clouds
124,Okha,RU,53.5739,142.9478,14.77,87,32,6.31,scattered clouds
125,Graulhet,FR,43.7669,1.9894,68.74,37,34,3.53,scattered clouds
126,Rosehearty,GB,57.697,-2.1132,54.66,90,5,22.1,clear sky
127,Placido De Castro,BR,-10.3353,-67.1856,95.14,37,100,5.97,overcast clouds
128,Tonj,SS,7.2737,28.6822,88.68,25,99,3.36,overcast clouds
129,Albion,US,42.2431,-84.753,32.81,86,100,8.05,overcast clouds
130,Staraya Russa,RU,57.9944,31.3608,42.67,69,100,9.24,overcast clouds
131,Upernavik,GL,72.7868,-56.1549,20.48,66,68,2.3,broken clouds
132,Bahar,IR,34.9072,48.4414,50.16,40,0,4.61,clear sky
133,Vigrestad,NO,58.5667,5.7,54.59,87,97,12.59,overcast clouds
134,Lorengau,PG,-2.0226,147.2712,81.79,78,98,4.85,moderate rain
135,Impfondo,CG,1.6381,18.0667,78.51,78,88,4.23,overcast clouds
136,Luderitz,NA,-26.6481,15.1594,68.18,63,0,26.71,clear sky
137,Souillac,MU,-20.5167,57.5167,77.38,65,20,3.44,few clouds
138,Cortes,ES,41.9395,-1.4396,69.08,40,7,8.68,clear sky
139,Luba,GQ,3.4568,8.5547,81.28,79,26,7.34,light rain
140,Krasnozerskoye,RU,53.9828,79.2374,34.12,98,100,20.4,light snow
141,Caetite,BR,-14.0694,-42.475,80.8,57,79,4.88,broken clouds
142,Kearney,US,40.6995,-99.0815,21.76,80,0,11.01,clear sky
143,Pyu,MM,18.4833,96.4333,72.77,81,65,4.36,broken clouds
144,Fairbanks,US,64.8378,-147.7164,18.09,87,20,0.0,few clouds
145,Kuruman,ZA,-27.4524,23.4325,77.99,14,0,14.81,clear sky
146,Grand Gaube,MU,-20.0064,57.6608,77.4,61,78,1.01,broken clouds
147,Gushikawa,JP,26.3544,127.8686,74.79,83,40,6.91,scattered clouds
148,Chancay,PE,-11.5714,-77.2672,66.45,75,82,7.45,broken clouds
149,Am Timan,TD,11.0297,20.2827,93.33,18,0,2.64,clear sky
150,Qaanaaq,GL,77.484,-69.3632,4.24,87,100,3.69,overcast clouds
151,Kirakira,SB,-10.4544,161.9205,78.46,84,52,2.64,broken clouds
152,Naryan-Mar,RU,67.6713,53.087,16.07,95,83,11.16,broken clouds
153,Dalbandin,PK,28.8947,64.4101,66.6,37,71,10.36,broken clouds
154,Santa Cruz,BO,-17.8,-63.1667,86.05,66,75,25.32,broken clouds
155,Magadan,RU,59.5667,150.8,1.0,91,29,6.71,scattered clouds
156,Astoria,US,46.1879,-123.8313,36.59,100,100,0.0,fog
157,Yellowknife,CA,62.456,-114.3525,30.72,93,100,4.61,light snow
158,Fort Abbas,PK,29.1925,72.8536,77.31,28,93,7.31,overcast clouds
159,Douglas,US,41.3,-96.167,19.58,88,0,5.75,clear sky
160,Waipawa,NZ,-41.4122,175.5153,52.57,93,71,3.65,broken clouds
161,Katobu,ID,-4.9408,122.5276,76.87,91,98,2.1,overcast clouds
162,Chuy,UY,-33.6971,-53.4616,71.42,79,100,12.73,overcast clouds
163,Trapani,IT,37.8333,12.6667,68.09,83,40,9.22,scattered clouds
164,Port Macquarie,AU,-31.4333,152.9167,68.9,91,100,11.36,light rain
165,Kapaa,US,22.0752,-159.319,73.72,79,0,17.27,clear sky
166,Tazovskiy,RU,67.4667,78.7,-17.66,93,18,7.67,few clouds
167,Katsuura,JP,35.1333,140.3,68.02,75,83,18.23,broken clouds
168,Adrar,MR,20.5022,-10.0711,88.74,8,31,8.84,scattered clouds
169,Batagay-Alyta,RU,67.8006,130.4114,-17.73,96,100,1.83,overcast clouds
170,Bambous Virieux,MU,-20.3428,57.7575,77.25,65,20,3.44,few clouds
171,Dolores,AR,-36.3132,-57.6792,81.66,45,89,12.91,overcast clouds
172,Guerrero Negro,MX,27.9769,-114.0611,61.45,65,21,8.12,few clouds
173,Acarau,BR,-2.8856,-40.12,89.33,56,40,16.78,scattered clouds
174,Pevek,RU,69.7008,170.3133,-13.4,98,40,2.68,scattered clouds
175,Honiara,SB,-9.4333,159.95,77.74,87,99,1.88,overcast clouds
176,Bathsheba,BB,13.2167,-59.5167,88.41,70,75,18.41,broken clouds
177,Vila Velha,BR,-20.3297,-40.2925,84.94,72,40,13.8,scattered clouds
178,Kamenka,RU,51.3223,42.7678,43.88,66,53,20.31,broken clouds
179,Santa Catarina Pinula,GT,14.5689,-90.4953,67.62,82,40,20.71,scattered clouds
180,Surt,LY,31.2089,16.5887,70.95,56,0,6.44,clear sky
181,Penon Blanco,MX,24.7897,-104.0369,61.45,36,0,6.31,clear sky
182,Acapulco,MX,16.8634,-99.8901,78.62,83,75,0.0,broken clouds
183,Avarua,CK,-21.2078,-159.775,69.85,83,75,6.91,light rain
184,Gouyave,GD,12.1646,-61.7296,83.17,79,40,20.71,scattered clouds
185,Qurayyat,SA,31.3318,37.3428,73.58,49,40,16.11,scattered clouds
186,Egvekinot,RU,66.3167,-179.1667,-3.37,85,72,4.07,broken clouds
187,Nuuk,GL,64.1835,-51.7216,29.01,74,75,8.05,broken clouds
188,Ketchikan,US,55.3422,-131.6461,45.07,100,100,17.27,light rain
189,Turukhansk,RU,65.8167,87.9833,-6.32,74,28,13.62,scattered clouds
190,Longyearbyen,SJ,78.2186,15.6401,30.04,80,75,11.5,broken clouds
191,Zlobin,HR,45.2924,14.6541,49.3,63,40,9.22,light rain
192,Nokaneng,BW,-19.6667,22.2667,87.87,33,82,4.72,broken clouds
193,Trincomalee,LK,8.5711,81.2335,80.91,77,92,5.68,overcast clouds
194,Kungurtug,RU,50.5994,97.5228,12.36,92,97,2.59,overcast clouds
195,Tautira,PF,-17.7333,-149.15,74.62,82,100,2.53,light rain
196,Mitsamiouli,KM,-11.3847,43.2844,79.16,76,20,7.4,few clouds
197,Pisco,PE,-13.7,-76.2167,62.65,94,100,2.3,mist
198,Saint-Joseph,RE,-21.3667,55.6167,75.58,85,44,13.44,light rain
199,Sinnamary,GF,5.3833,-52.95,82.26,75,93,10.31,overcast clouds
200,Thompson,CA,55.7435,-97.8558,-11.04,77,75,3.44,broken clouds
201,Laguna,US,38.421,-121.4238,46.49,83,0,12.66,clear sky
202,Bubaque,GW,11.2833,-15.8333,83.05,58,58,5.46,broken clouds
203,Clyde,US,41.3042,-82.9752,35.22,83,16,11.72,few clouds
204,Encruzilhada Do Sul,BR,-30.5439,-52.5219,64.67,98,100,5.17,light rain
205,Fortuna,US,40.5982,-124.1573,39.54,98,75,8.05,broken clouds
206,Hayden,US,47.766,-116.7866,27.16,93,100,3.44,overcast clouds
207,Mugur-Aksy,RU,50.35,90.5,12.27,87,95,6.4,overcast clouds
208,Jinxi,CN,30.4323,116.2922,54.79,65,100,7.29,overcast clouds
209,Kavaratti,IN,10.5669,72.642,80.26,77,100,3.33,overcast clouds
210,Quelimane,MZ,-17.8786,36.8883,89.55,51,20,14.97,few clouds
211,Sivaki,RU,52.6333,126.75,17.62,92,100,3.24,overcast clouds
212,Makat,KZ,47.6469,53.3463,48.67,71,94,26.98,light rain
213,Urma,RU,42.5389,47.2864,37.81,39,22,3.94,few clouds
214,Severo-Kurilsk,RU,50.6789,156.125,32.54,59,100,9.08,overcast clouds
215,Leh,IN,34.1667,77.5833,25.45,54,100,2.59,overcast clouds
216,Beyneu,KZ,45.3167,55.2,45.41,86,100,25.17,overcast clouds
217,Bandar-E Lengeh,IR,26.5579,54.8807,87.91,42,0,13.8,clear sky
218,Antofagasta,CL,-23.65,-70.4,63.68,57,1,11.48,clear sky
219,Elizabeth City,US,36.2946,-76.2511,52.05,86,100,13.8,overcast clouds
220,Turtas,RU,58.9417,69.1325,24.39,91,77,9.48,broken clouds
221,Bud,US,39.447,-86.1758,32.76,79,7,8.16,clear sky
222,Praxedis Guerrero,MX,31.3667,-106.0167,44.06,36,63,10.47,broken clouds
223,Clyde River,CA,70.4692,-68.5914,-3.77,71,100,5.75,overcast clouds
224,Arlit,NE,18.7369,7.3853,87.78,10,16,8.48,few clouds
225,Garowe,SO,8.4054,48.4845,85.89,20,0,11.25,clear sky
226,Fare,PF,-16.7,-151.0167,74.25,82,100,4.83,light rain
227,Northam,GB,51.0333,-4.2167,62.26,85,100,15.37,overcast clouds
228,Nabire,ID,-3.3667,135.4833,77.09,93,100,3.69,overcast clouds
229,Tuntum,BR,-5.2581,-44.6489,93.33,47,6,2.8,clear sky
230,Waitati,NZ,-45.75,170.5667,45.81,78,100,3.04,overcast clouds
231,Vardo,NO,70.3705,31.1107,30.18,80,31,11.5,scattered clouds
232,Batagay,RU,67.6333,134.6333,-13.61,99,100,1.23,overcast clouds
233,Buta,CD,2.7858,24.73,80.29,64,100,2.62,overcast clouds
234,Rafraf,TN,37.1904,10.1837,70.11,57,100,0.89,overcast clouds
235,Butembo,CD,0.15,29.2833,60.73,98,96,0.78,moderate rain
236,Puerto Leguizamo,CO,-0.1934,-74.7819,88.2,55,34,4.43,scattered clouds
237,Geraldton,AU,-28.7667,114.6,63.01,77,51,17.27,broken clouds
238,Dikson,RU,73.5069,80.5464,-7.85,100,84,6.53,broken clouds
239,Belem De Sao Francisco,BR,-8.7539,-38.9658,92.14,35,14,7.31,few clouds
240,Zaragoza,ES,41.6561,-0.8773,64.85,66,0,6.91,clear sky
241,Mehamn,NO,71.0357,27.8492,33.75,93,100,10.36,overcast clouds
242,Faya,SA,18.3851,42.4509,71.71,54,16,3.2,few clouds
243,Kualakapuas,ID,-3.0091,114.3876,76.96,95,100,2.3,light rain
244,Rio Grande,BR,-32.035,-52.0986,73.51,86,100,18.81,moderate rain
245,Panama City,PA,8.9936,-79.5197,81.45,86,40,4.61,scattered clouds
246,Yichun,CN,47.7,128.9,17.55,52,48,2.13,scattered clouds
247,Kongoussi,BF,13.3258,-1.5347,96.64,20,8,9.1,clear sky
248,Chipinge,ZW,-20.1883,32.6236,75.22,64,68,5.48,broken clouds
249,Jalu,LY,29.0331,21.5482,72.25,32,39,9.4,scattered clouds
250,Nouadhibou,MR,20.931,-17.0347,75.18,69,0,13.8,clear sky
251,Mutum,BR,-19.8,-41.4383,87.03,53,83,4.94,broken clouds
252,Santiago Del Estero,AR,-27.7951,-64.2615,69.96,74,100,11.72,light rain
253,Margate,GB,51.3813,1.3862,60.69,79,87,3.0,overcast clouds
254,Aklavik,CA,68.2191,-135.0107,1.26,96,98,4.99,overcast clouds
255,Toowoomba,AU,-27.55,151.9667,63.25,81,57,1.99,broken clouds
256,Whitehorse,CA,60.7161,-135.0538,34.57,60,75,8.05,broken clouds
257,Bandarbeyla,SO,9.4942,50.8122,79.7,69,1,15.75,clear sky
258,Shache,CN,38.4167,77.2406,44.06,28,100,5.26,overcast clouds
259,Yeppoon,AU,-23.1333,150.7333,71.38,80,63,8.34,broken clouds
260,Ahuimanu,US,21.4447,-157.8378,75.2,87,20,6.91,light rain
261,Mazagao,BR,-0.115,-51.2894,89.65,50,17,5.79,few clouds
262,Nowy Dwor Gdanski,PL,54.2131,19.1177,55.96,76,100,4.18,overcast clouds
263,Flinders,AU,-34.5833,150.8552,68.18,90,100,4.0,moderate rain
264,College,US,64.8569,-147.8028,18.07,87,75,0.0,broken clouds
265,Tezu,IN,27.9167,96.1667,63.86,61,0,4.09,clear sky
266,Georgetown,MY,5.4112,100.3354,80.24,90,40,3.44,thunderstorm with rain
267,Iqaluit,CA,63.7506,-68.5145,20.93,86,100,5.75,light snow
268,Grootfontein,NA,-19.5667,18.1167,90.97,15,0,3.44,clear sky
269,Taoudenni,ML,22.6783,-3.9836,91.33,9,38,11.83,scattered clouds
270,Toropets,RU,56.4978,31.6353,41.5,72,98,10.69,overcast clouds
271,Rosarito,MX,32.3333,-117.0333,52.75,70,72,5.39,broken clouds
272,Alihe,CN,50.5667,123.7167,11.93,88,63,1.03,broken clouds
273,Cap Malheureux,MU,-19.9842,57.6142,76.46,61,76,1.01,broken clouds
274,Mogadishu,SO,2.0371,45.3438,80.04,77,20,10.92,few clouds
275,San Cristobal,VE,7.7669,-72.225,71.78,75,91,2.06,overcast clouds
276,Raul Soares,BR,-20.1022,-42.4519,86.72,53,27,5.88,scattered clouds
277,Port Moresby,PG,-9.4431,147.1797,80.02,83,40,11.5,scattered clouds
278,Husavik,IS,66.0449,-17.3389,40.39,88,75,7.4,broken clouds
279,Shira,RU,54.4911,89.9531,34.48,65,100,21.5,overcast clouds
280,Pitmedden,GB,57.3369,-2.1802,54.07,98,100,10.36,mist
281,Port Hedland,AU,-20.3167,118.5667,71.65,94,0,6.91,clear sky
282,Avera,US,33.194,-82.5271,44.55,53,89,9.71,overcast clouds
283,Kavieng,PG,-2.5744,150.7967,82.89,78,100,15.97,moderate rain
284,Itacare,BR,-14.2775,-38.9967,82.49,61,97,7.58,overcast clouds
285,Jiwani,PK,25.05,61.7417,80.64,72,0,14.23,clear sky
286,Vostok,RU,46.4856,135.8833,11.57,96,62,3.58,broken clouds
287,Scunthorpe,GB,53.579,-0.6544,55.18,57,95,5.99,overcast clouds
288,Beloha,MG,-25.1667,45.05,73.67,73,3,22.7,clear sky
289,Barinas,VE,8.6226,-70.2075,84.24,70,73,3.44,broken clouds
290,Lompoc,US,34.6391,-120.4579,47.93,89,0,6.91,clear sky
291,Bandipur,NP,27.9333,84.4167,52.65,75,0,2.44,clear sky
292,Weinan,CN,34.5036,109.5089,51.1,46,100,3.51,overcast clouds
293,Khatanga,RU,71.9667,102.5,-23.51,98,100,7.18,overcast clouds
294,Pacific Grove,US,36.6177,-121.9166,48.69,91,0,5.01,clear sky
295,Severnoye,RU,56.3491,78.3619,32.63,98,100,9.48,light snow
296,Lagoa,PT,39.05,-27.9833,61.16,69,100,18.14,overcast clouds
297,Bridlington,GB,54.0831,-0.1919,51.73,98,100,8.99,overcast clouds
298,Chihuahua,MX,28.5,-106.0,31.03,50,54,6.51,broken clouds
299,Chicama,PE,-7.8447,-79.1469,61.34,63,70,6.98,broken clouds
300,Puerto Carreno,CO,6.189,-67.4859,84.18,79,20,5.75,few clouds
301,Tigil,RU,57.8,158.6667,-0.35,98,22,3.94,few clouds
302,Green River,US,41.5286,-109.4662,14.99,47,0,2.44,clear sky
303,Tabuk,PH,17.4189,121.4443,75.29,92,13,3.58,few clouds
304,Matagami,CA,49.7502,-77.6328,19.51,86,100,5.75,overcast clouds
305,Puri,IN,19.8,85.85,73.92,56,5,10.0,clear sky
306,Khobi,GE,42.3156,41.8987,51.89,83,41,3.09,scattered clouds
307,Esperance,AU,-33.8667,121.9,53.44,67,100,9.75,overcast clouds
308,Yarada,IN,17.65,83.2667,80.92,65,40,5.75,haze
309,Jaen,ES,38.0,-3.5,74.16,31,6,9.93,clear sky
310,Kahului,US,20.8947,-156.47,73.85,88,75,5.75,moderate rain
311,La Grande,US,45.3246,-118.0877,27.01,87,13,2.73,few clouds
312,Mananara,MG,-16.1667,49.7667,73.9,78,0,5.46,clear sky
313,Korla,CN,41.7597,86.1469,37.33,47,0,3.06,clear sky
314,Nishihara,JP,26.1842,127.7558,74.86,83,75,18.41,broken clouds
315,Qaqortoq,GL,60.7167,-46.0333,30.63,95,100,12.33,overcast clouds
316,Mineros,BO,-17.1167,-63.2333,93.63,39,75,16.13,broken clouds
317,Barabai,ID,-2.5833,115.3833,74.93,97,100,2.44,overcast clouds
318,Hinatuan,PH,8.3722,126.3342,77.09,91,94,2.39,overcast clouds
319,Colares,PT,38.7992,-9.4469,69.26,91,75,13.8,broken clouds
320,Zaysan,KZ,47.4667,84.8667,33.98,55,72,1.54,broken clouds
321,Umea,SE,63.8284,20.2597,35.53,93,0,1.14,clear sky
322,Ngunguru,NZ,-35.6167,174.5,55.54,91,20,8.66,few clouds
323,Eureka,US,40.8021,-124.1637,41.58,98,11,1.01,few clouds
324,Hay River,CA,60.8156,-115.7999,24.78,86,75,10.36,broken clouds
325,Luocheng,CN,29.3848,104.0286,54.23,81,100,1.3,overcast clouds
326,Westport,US,41.1415,-73.3579,50.07,82,100,13.8,overcast clouds
327,Bafq,IR,31.6128,55.4107,62.31,48,28,4.43,scattered clouds
328,Kailua,US,21.4022,-157.7394,75.49,85,9,3.0,light rain
329,La Orilla,MX,17.9833,-102.2333,79.86,77,70,4.32,broken clouds
330,Sao Joao Nepomuceno,BR,-21.54,-43.0106,86.59,59,14,4.12,few clouds
331,Banamba,ML,13.55,-7.45,95.4,15,38,5.73,scattered clouds
332,Nanortalik,GL,60.1432,-45.2371,36.73,85,100,19.24,light rain
333,Tilichiki,RU,60.4667,166.1,19.44,91,100,6.96,overcast clouds
334,Karlskrona,SE,56.1616,15.5866,50.45,86,51,4.12,broken clouds
335,Maraa,BR,-1.8333,-65.3667,92.91,46,51,3.98,broken clouds
336,Orlik,RU,52.5178,99.825,7.74,92,95,3.76,overcast clouds
337,Maragogi,BR,-9.0122,-35.2225,83.41,66,48,9.84,scattered clouds
338,Magadi,IN,12.9667,77.2333,71.76,93,99,8.97,overcast clouds
339,Cintalapa,MX,16.6951,-93.7272,73.2,79,96,7.02,overcast clouds
340,Atraulia,IN,26.3333,82.95,68.18,42,0,4.38,clear sky
341,Worthington,US,40.0931,-83.018,34.32,85,100,10.36,overcast clouds
342,Yulara,AU,-25.2406,130.9889,69.46,23,0,16.96,clear sky
343,Tynda,RU,55.1667,124.7167,-1.44,100,100,0.22,overcast clouds
344,Emerald,AU,-23.5333,148.1667,72.34,65,100,13.06,light rain
345,Tiznit,MA,29.5833,-9.5,81.59,15,67,2.37,broken clouds
346,Jinchang,CN,38.4953,102.1739,36.61,39,89,4.74,overcast clouds
347,Port Hardy,CA,50.6996,-127.4199,41.18,100,100,0.0,overcast clouds
348,Bonavista,CA,48.6499,-53.1147,35.8,71,100,14.03,overcast clouds
349,Buala,SB,-8.145,159.5921,79.32,78,22,4.79,few clouds
350,Ocos,GT,14.5094,-92.1933,78.98,74,75,2.57,broken clouds
351,Ingham,US,42.6,-84.3833,33.87,76,100,8.05,overcast clouds
352,Chauk,MM,20.8833,94.8167,76.59,64,0,4.94,clear sky
353,Aasiaat,GL,68.7098,-52.8699,16.93,94,100,3.6,overcast clouds
354,Chernukha,RU,55.5974,43.7556,37.8,84,100,18.28,moderate rain
355,Ugoofaaru,MV,5.6667,73.0,81.91,74,56,9.13,broken clouds
356,Fort Nelson,CA,58.8053,-122.7002,13.59,85,75,2.3,broken clouds
357,Bontang,ID,0.1333,117.5,80.83,83,87,7.92,overcast clouds
358,Khao Yoi,TH,13.2403,99.8243,79.5,79,100,4.27,light rain
359,Vetovo,BG,43.7,26.2667,53.82,57,88,3.24,overcast clouds
360,Dingle,PH,10.9995,122.6711,76.55,92,89,7.45,overcast clouds
361,Portland,US,45.5234,-122.6762,37.8,89,20,1.99,fog
362,Chama,CH,47.1821,8.4636,46.62,97,100,1.14,overcast clouds
363,Gorontalo,ID,0.5412,123.0595,75.07,93,97,3.13,overcast clouds
364,Bowen,AU,-20.0167,148.2333,76.03,72,1,9.24,clear sky
365,Port Lincoln,AU,-34.7333,135.8667,55.11,79,100,27.38,overcast clouds
366,Rudnichnyy,RU,59.617,52.4703,32.29,90,100,7.9,overcast clouds
367,Pimenta Bueno,BR,-11.6725,-61.1936,93.09,41,54,6.33,broken clouds
368,Severnyy,RU,50.677,36.5532,50.04,66,0,17.9,clear sky
369,Salina Cruz,MX,16.1667,-95.2,82.53,60,42,20.24,scattered clouds
370,Nicoya,CR,10.1483,-85.452,80.56,80,17,2.64,few clouds
371,Ahipara,NZ,-35.1667,173.1667,55.83,91,11,6.22,few clouds
372,Sao Sebastiao,BR,-23.76,-45.4097,79.14,72,50,5.03,scattered clouds
373,Taltal,CL,-25.4,-70.4833,65.97,63,0,5.19,clear sky
374,Gushi,CN,34.6425,109.5843,51.51,45,100,2.8,overcast clouds
375,Ugento,IT,39.9263,18.1574,62.67,83,100,8.3,overcast clouds
376,Khasan,RU,42.4308,130.6434,34.99,55,0,6.96,clear sky
377,Honningsvag,NO,70.9821,25.9704,35.35,75,65,8.05,broken clouds
378,Talakan,RU,50.3167,130.3667,11.64,95,91,2.44,overcast clouds
379,Markova,UA,48.6758,24.4138,44.92,87,4,1.54,clear sky
380,Naberera,TZ,-4.2,36.9333,72.14,54,99,10.13,overcast clouds
381,Itarema,BR,-2.9248,-39.9167,89.08,55,38,16.51,scattered clouds
382,Chifeng,CN,42.2683,118.9636,20.44,79,3,4.27,clear sky
383,Bethel,US,41.3712,-73.414,46.71,83,100,11.99,overcast clouds
384,Susangerd,IR,31.5608,48.1831,77.76,40,1,9.33,clear sky
385,Kamenskiy,RU,50.8855,45.488,42.26,70,33,22.19,scattered clouds
386,Karlivka,UA,49.4567,35.1295,48.47,68,13,13.51,few clouds
387,Arua,UG,3.0201,30.9111,67.96,87,89,4.7,light rain
388,Bad Sooden-Allendorf,DE,51.2833,9.9833,60.33,38,9,5.01,clear sky
389,Grindavik,IS,63.8424,-22.4338,53.55,76,100,29.93,overcast clouds
390,Ostrovnoy,RU,68.0531,39.5131,34.84,63,100,20.78,overcast clouds
391,Samarai,PG,-10.6167,150.6667,81.88,76,41,8.59,scattered clouds
392,Mason City,US,43.1536,-93.201,26.73,75,100,0.0,overcast clouds
393,Shellbrook,CA,53.2168,-106.4011,-7.58,100,99,2.01,overcast clouds
394,Santa Rosa,PH,14.3122,121.1114,82.38,84,100,8.88,overcast clouds
395,Gao,ML,16.6362,1.637,94.21,12,0,10.02,clear sky
396,Krasnogorsk,RU,55.8225,37.3181,43.18,75,75,17.9,broken clouds
397,Vila Franca Do Campo,PT,37.7167,-25.4333,67.19,67,100,11.07,overcast clouds
398,Cozumel,MX,20.5083,-86.9458,80.94,87,20,6.91,few clouds
399,Tadine,NC,-21.55,167.8833,74.44,86,15,14.43,few clouds
400,Asau,RO,46.4333,26.4,51.28,56,8,0.69,clear sky
401,Palafrugell,ES,41.9174,3.1631,66.34,53,100,6.85,overcast clouds
402,Opuwo,NA,-18.0607,13.84,89.85,6,27,12.33,scattered clouds
403,Mao,ES,39.8885,4.2658,66.76,77,40,8.05,scattered clouds
404,Phan Thiet,VN,10.9333,108.1,77.7,87,64,8.93,broken clouds
405,Naushki,RU,50.3828,106.1056,9.39,91,17,1.43,few clouds
406,Coquimbo,CL,-29.9533,-71.3436,65.93,63,0,9.22,clear sky
407,Bella Vista,US,36.4295,-94.2316,30.33,85,0,5.75,clear sky
408,Mount Pleasant,US,32.7941,-79.8626,57.99,75,0,14.97,clear sky
409,Sao Caetano De Odivelas,BR,-0.75,-48.02,83.03,77,40,8.99,scattered clouds
410,Nchelenge,ZM,-9.3451,28.734,69.62,84,97,3.42,overcast clouds
411,Sioux Lookout,CA,50.1001,-91.917,17.67,93,100,2.3,overcast clouds
412,Nogliki,RU,51.8333,143.1667,23.13,72,100,2.95,overcast clouds
413,Lasa,IT,46.6166,10.7002,56.28,83,8,4.45,clear sky
414,Alofi,NU,-19.0595,-169.9187,69.69,94,95,2.3,overcast clouds
415,Noumea,NC,-22.2763,166.4572,67.98,85,91,8.93,overcast clouds
416,Kudahuvadhoo,MV,2.6708,72.8944,80.67,81,86,14.5,overcast clouds
417,Onokhoy,RU,51.932,108.0747,6.55,92,5,0.83,clear sky
418,High Level,CA,58.5169,-117.136,14.11,100,20,3.44,smoke
419,Zatoka,UA,46.0725,30.4654,55.31,71,3,9.91,clear sky
420,Broome,US,42.2506,-75.833,42.62,83,100,9.22,overcast clouds
421,Ambilobe,MG,-13.2,49.05,77.65,78,93,3.38,moderate rain
422,Salalah,OM,17.0151,54.0924,82.49,69,20,5.75,few clouds
423,Campbellton,CA,48.0075,-66.6727,34.25,99,100,6.13,light snow
424,Yarmouth,US,41.7057,-70.2286,55.96,96,100,11.99,heavy intensity rain
425,Muskegon,US,43.3,-86.1334,34.14,82,100,8.05,snow
426,Kautokeino,NO,69.0125,23.0412,28.33,98,100,5.88,overcast clouds
427,Yar-Sale,RU,66.8333,70.8333,-0.26,89,100,9.8,overcast clouds
428,Opunake,NZ,-39.4556,173.8583,55.85,88,14,5.97,few clouds
429,Buraydah,SA,26.326,43.975,82.85,26,0,10.18,clear sky
430,Yaring,TH,6.8662,101.3689,80.29,87,100,6.17,overcast clouds
431,Cabedelo,BR,-6.9811,-34.8339,84.87,67,41,11.72,scattered clouds
432,Andros Town,BS,24.7,-77.7667,80.56,63,0,4.97,clear sky
433,Otuzco,PE,-7.9,-78.5833,60.57,26,78,7.27,broken clouds
434,Wahiawa,US,21.5028,-158.0236,71.87,85,40,3.44,scattered clouds
435,Rosario Do Sul,BR,-30.2583,-54.9142,70.99,84,100,1.99,moderate rain
436,Elk Point,US,42.6833,-96.6836,20.89,70,97,9.26,overcast clouds
437,Saryagash,KZ,41.4511,69.1701,44.56,39,100,6.11,overcast clouds
438,Kindia,GN,10.0569,-12.8658,88.93,41,5,5.35,clear sky
439,Saint-Pierre,RE,-21.3393,55.4781,76.68,78,75,11.5,broken clouds
440,Lavras Da Mangabeira,BR,-6.7533,-38.9644,89.55,42,90,4.47,overcast clouds
441,Ramshir,IR,30.8946,49.4092,80.35,42,0,8.61,clear sky
442,Isla Mujeres,MX,21.2311,-86.731,78.85,63,0,7.02,clear sky
443,Touros,BR,-5.1989,-35.4608,84.88,62,56,14.72,broken clouds
444,Talnakh,RU,69.4865,88.3972,-23.71,85,71,4.74,broken clouds
445,San Patricio,US,28.017,-97.5169,53.46,52,0,10.27,clear sky
446,Adeje,ES,28.1227,-16.726,78.1,51,20,8.05,few clouds
447,Jaguarari,BR,-10.2639,-40.1958,84.96,45,8,8.57,clear sky
448,Eregli,TR,37.5133,34.0467,50.59,49,0,0.83,clear sky
449,Port-Gentil,GA,-0.7193,8.7815,84.16,79,40,18.41,scattered clouds
450,Teya,RU,60.3778,92.6267,24.8,97,100,3.15,snow
451,Ayagoz,KZ,47.9714,80.4392,30.79,79,50,8.41,scattered clouds
452,Viedma,AR,-40.8135,-62.9967,73.53,40,100,2.91,moderate rain
453,Kalabo,ZM,-14.97,22.6814,82.53,48,100,3.51,overcast clouds
454,Kununurra,AU,-15.7667,128.7333,84.18,65,23,2.3,few clouds
455,Pahrump,US,36.2083,-115.9839,43.45,48,29,6.04,scattered clouds
456,Lata,PT,40.1629,-8.3327,69.08,59,100,8.37,overcast clouds
457,Gweta,BW,-20.1833,25.2333,85.19,39,91,3.15,overcast clouds
458,Umm Kaddadah,SD,13.6017,26.6876,85.14,13,5,13.51,clear sky
459,Walvis Bay,NA,-22.9575,14.5053,66.09,60,0,20.65,clear sky
460,Yumen,CN,40.2833,97.2,32.31,41,5,10.02,clear sky
461,Daloa,CI,6.8774,-6.4502,87.33,53,68,4.21,broken clouds
462,Ust-Ilimsk,RU,58.0006,102.6619,27.36,96,100,6.4,light snow
463,La Ronge,CA,55.1001,-105.2842,14.25,79,100,9.22,light snow
464,Kholtoson,RU,50.2981,103.3097,9.23,91,80,4.14,broken clouds
465,Torbay,CA,47.6666,-52.7314,37.76,92,100,16.11,overcast clouds
466,Bikaner,IN,28.0167,73.3,76.35,23,70,5.37,broken clouds
467,Kruisfontein,ZA,-34.0033,24.7314,71.89,61,0,15.7,clear sky
468,Los Llanos De Aridane,ES,28.6585,-17.9182,71.35,72,20,5.75,few clouds
469,Ancud,CL,-41.8697,-73.8203,54.61,90,55,12.12,light rain
470,Tual,ID,-5.6667,132.75,84.22,71,100,8.23,overcast clouds
471,Meppel,NL,52.6958,6.1944,59.05,65,67,7.4,broken clouds
472,Padang,ID,-0.9492,100.3543,75.25,90,100,2.73,moderate rain
473,Ternate,ID,0.8,127.4,81.79,78,66,2.84,broken clouds
474,Tura,IN,25.5198,90.2201,63.41,85,0,4.0,clear sky
475,Saint-Augustin,CA,51.226,-58.6502,29.3,49,100,3.96,overcast clouds
476,Aniva,RU,46.7144,142.5294,32.11,87,100,15.64,overcast clouds
477,Iralaya,HN,15.0,-83.2333,81.66,82,10,10.29,moderate rain
478,Trelew,AR,-43.249,-65.3051,70.12,42,100,13.67,overcast clouds
479,Camacupa,AO,-12.0167,17.4833,85.14,22,90,4.14,overcast clouds
480,Picota,PE,-6.9197,-76.3304,88.29,49,32,1.66,scattered clouds
481,Saquena,PE,-4.6667,-73.5167,92.14,48,54,3.6,broken clouds
482,Zurrieq,MT,35.8311,14.4742,72.97,64,20,3.44,few clouds
483,Saldanha,ZA,-33.0117,17.9442,73.45,71,0,14.94,clear sky
484,Port Neches,US,29.9913,-93.9585,42.78,81,0,8.05,clear sky
485,Maarianhamina,AX,60.0973,19.9348,40.86,87,0,1.14,clear sky
486,Port Blair,IN,11.6667,92.75,80.64,83,40,2.3,mist
487,Houma,US,29.5958,-90.7195,46.4,76,0,17.27,clear sky
488,Hell,NO,63.4455,10.9033,40.91,87,0,0.0,clear sky
489,El Doncello,CO,1.6782,-75.2847,85.44,62,63,3.31,broken clouds
490,Srednekolymsk,RU,67.45,153.6833,-16.22,94,100,1.34,overcast clouds
491,Zapresic,HR,45.8564,15.8078,53.92,69,84,4.5,broken clouds
492,Port Keats,AU,-14.25,129.55,78.85,73,83,5.37,broken clouds
493,Sao Joao Da Barra,BR,-21.6403,-41.0511,84.29,77,20,12.19,few clouds
494,Bhainsa,IN,26.9548,76.9012,73.15,36,6,3.96,clear sky
495,Maceio,BR,-9.6658,-35.7353,85.44,65,100,11.5,overcast clouds
496,Santiago De Cao,PE,-7.9589,-79.2392,62.73,88,100,5.75,fog
497,Alekseyevskoye,RU,55.3071,50.1135,38.32,96,100,22.73,light rain
498,Luganville,VU,-15.5333,167.1667,77.38,85,5,2.33,clear sky
499,Quatre Cocos,MU,-20.2078,57.7625,77.11,67,13,7.76,few clouds
500,Ocampo,MX,21.65,-101.5,58.75,61,0,5.03,clear sky
501,Farafangana,MG,-22.8167,47.8333,76.51,77,37,9.84,scattered clouds
502,Catamarca,AR,-28.4696,-65.7852,64.06,97,92,1.99,overcast clouds
503,Byron Bay,AU,-28.65,153.6167,70.95,82,97,18.61,moderate rain
504,Kyabram,AU,-36.3167,145.05,55.53,94,98,5.39,overcast clouds
505,Blackwater,AU,-23.5833,148.8833,70.68,78,95,15.03,overcast clouds
506,Bilma,NE,18.6853,12.9164,81.37,16,5,6.29,clear sky
507,Tarazona,ES,41.9,-1.7333,66.02,41,7,3.94,clear sky
508,Ikalamavony,MG,-21.15,46.5833,76.84,57,62,9.93,broken clouds
509,Tuy Hoa,VN,13.0833,109.3,76.05,92,52,4.65,broken clouds
510,Oshakati,NA,-17.7833,15.6833,102.22,9,12,5.14,few clouds
511,Dembi Dolo,ET,8.5333,34.8,61.59,86,88,0.78,light rain
512,Kysyl-Syr,RU,63.8986,122.7617,-24.41,99,37,4.9,scattered clouds
513,Santa Maria,BR,-29.6842,-53.8069,74.5,64,75,6.91,moderate rain
514,Demir Kapija,MK,41.405,22.2489,56.1,69,18,4.63,few clouds
515,Arcata,US,40.8665,-124.0828,41.58,96,0,3.44,clear sky
516,Hirara,JP,24.8,125.2833,77.07,79,100,18.81,overcast clouds
517,Saurimo,AO,-9.6608,20.3916,74.68,80,99,2.19,moderate rain
518,Irkutsk,RU,52.2978,104.2964,23.77,74,0,6.71,clear sky
519,Sao Felix Do Xingu,BR,-6.6447,-51.995,97.45,35,50,3.13,scattered clouds
520,Ranong,TH,9.9658,98.6348,78.33,85,100,4.32,overcast clouds
521,Mapimi,MX,25.8167,-103.85,53.29,44,4,5.61,clear sky
522,Jurm,AF,36.8648,70.8342,39.54,78,100,1.97,overcast clouds
523,Xucheng,CN,20.35,110.1288,73.9,88,15,9.6,few clouds
524,Luanda,AO,-8.8368,13.2343,78.69,62,7,18.52,clear sky
525,Kihei,US,20.785,-156.4656,73.85,89,75,5.75,light rain
526,Mollendo,PE,-17.0231,-72.0147,66.04,78,97,10.8,overcast clouds
527,Trinidad,BO,-14.8333,-64.9,87.78,70,75,13.8,broken clouds
528,Soe,ID,-9.8607,124.284,69.1,91,100,3.06,overcast clouds
529,Manzanillo,CU,20.3433,-77.1167,84.65,60,7,5.61,clear sky
530,Ust-Nera,RU,64.5667,143.2,-13.58,99,100,2.89,light snow
531,Mecca,SA,21.4267,39.8261,84.54,53,7,13.11,clear sky
532,Krasnyy Chikoy,RU,50.3643,108.7512,4.98,98,18,1.5,few clouds
533,Strezhevoy,RU,60.7333,77.5889,20.21,95,99,2.08,overcast clouds
534,Svetlyy,RU,54.675,20.1347,53.65,91,89,2.15,overcast clouds
535,Kaura Namoda,NG,12.5898,6.5779,92.86,14,22,13.24,few clouds
536,Dawson Creek,CA,55.7666,-120.2362,28.08,72,53,9.35,broken clouds
537,Atar,MR,20.5169,-13.0499,92.59,7,1,8.7,clear sky
538,Klaksvik,FO,62.2266,-6.589,50.92,97,99,15.32,overcast clouds
539,Chipiona,ES,36.7366,-6.437,73.58,83,20,10.36,few clouds
540,Kangaatsiaq,GL,68.3065,-53.4641,23.58,87,100,7.78,overcast clouds
541,Yeniseysk,RU,58.4497,92.1703,33.01,98,100,7.61,light snow
542,Cam Ranh,VN,11.9214,109.1591,78.76,89,40,5.75,scattered clouds
543,Askarovo,RU,53.3372,58.5089,36.55,86,75,8.95,broken clouds
544,Floro,NO,61.5996,5.0328,54.97,82,75,11.5,broken clouds
545,Tchamba,TG,9.0333,1.4167,93.85,29,37,7.2,scattered clouds
546,Comodoro Rivadavia,AR,-45.8667,-67.5,57.06,88,40,9.22,light rain
547,Pringsewu,ID,-5.3582,104.9744,74.57,93,100,5.84,overcast clouds
548,Ponta Delgada,PT,37.7333,-25.6667,67.5,63,75,11.5,broken clouds
549,San Lorenzo,PY,-25.3333,-57.5333,74.59,78,75,3.44,broken clouds
550,Czluchow,PL,53.6672,17.3588,52.41,87,100,4.88,overcast clouds
551,Popondetta,PG,-8.7537,148.2534,73.71,96,99,2.24,overcast clouds
552,Birao,CF,10.2849,22.7882,91.99,18,0,7.81,clear sky
553,Nemuro,JP,43.3236,145.575,45.16,80,100,34.11,light rain
554,Coihaique,CL,-45.5752,-72.0662,59.61,62,75,10.36,broken clouds
555,Hauterive,FR,46.0901,3.4459,63.36,55,86,1.68,overcast clouds
556,Kuna,US,43.4918,-116.4201,26.08,87,0,5.75,clear sky
557,Barra Patuca,HN,15.8,-84.2833,81.28,79,5,6.76,light rain
558,Caravelas,BR,-17.7125,-39.2481,86.23,54,52,11.21,broken clouds
559,Koumac,NC,-20.5667,164.2833,73.76,85,65,6.64,broken clouds
560,Yurimaguas,PE,-5.9,-76.0833,82.56,78,20,0.0,few clouds
561,Bykovo,RU,55.6361,38.0803,43.56,65,75,22.37,broken clouds
562,Samarinda,ID,-0.5,117.15,74.52,97,98,1.1,overcast clouds
563,Lat Yao,TH,15.751,99.7893,76.68,79,35,4.72,scattered clouds
564,Eqbaliyeh,IR,35.3022,51.5358,60.62,33,0,0.72,clear sky
565,Tsaratanana,MG,-16.7833,47.65,89.49,32,69,6.71,broken clouds
566,Gornopravdinsk,RU,60.05,69.9,15.12,97,66,6.42,broken clouds
567,Manacapuru,BR,-3.2997,-60.6206,91.53,49,39,2.15,scattered clouds
568,Broken Hill,AU,-31.95,141.4333,59.14,63,0,24.67,clear sky
569,Kachiry,KZ,53.0675,76.1036,37.4,74,100,21.03,overcast clouds
570,Banjar,ID,-8.19,114.9675,79.21,90,100,2.1,overcast clouds
571,Kamen-Na-Obi,RU,53.7884,81.3423,33.71,97,100,20.02,light snow
572,Khani,GE,41.9563,42.9566,45.97,94,96,2.71,overcast clouds
573,Truro,GB,50.2653,-5.0544,63.84,88,40,19.57,scattered clouds
574,Wangqing,CN,43.3218,129.7634,28.87,59,0,2.15,clear sky
575,Xingcheng,CN,40.6167,120.7167,36.66,49,54,3.83,broken clouds
576,Tecoanapa,MX,16.5167,-98.75,80.17,81,18,2.33,few clouds
577,Sioux City,US,42.5,-96.4003,20.66,83,0,10.0,clear sky
578,Sangar,RU,63.9242,127.4739,-21.39,100,99,2.51,overcast clouds
579,Puerto Colombia,CO,10.9878,-74.9547,78.89,84,100,13.67,light rain
580,Maua,BR,-23.6678,-46.4614,86.07,52,9,1.5,clear sky
581,Sovetskiy,RU,61.3614,63.5842,11.98,95,100,8.32,overcast clouds
582,Hamilton,US,39.1834,-84.5333,34.25,84,100,9.22,overcast clouds
583,Oyonnax,FR,46.2592,5.6573,52.61,76,18,3.18,few clouds
584,Stovring,DK,56.8854,9.8384,52.83,83,100,6.58,overcast clouds
585,Phangnga,TH,8.4509,98.5298,77.04,92,100,2.73,overcast clouds
586,Voh,NC,-20.9667,164.7,72.48,86,94,6.51,overcast clouds
587,Dumka,IN,24.2667,87.25,66.4,41,5,5.14,clear sky
588,Moree,AU,-29.4667,149.85,70.54,80,96,7.34,overcast clouds
589,Akyab,MM,20.15,92.9,76.64,70,4,9.86,clear sky
590,Udachnyy,RU,66.4167,112.4,-26.55,74,100,6.04,overcast clouds
591,Hofn,IS,64.2539,-15.2082,50.02,81,100,16.11,overcast clouds
592,Kenai,US,60.5544,-151.2583,35.15,96,75,5.75,broken clouds
593,Lima,PE,-12.0432,-77.0282,63.9,84,100,3.44,overcast clouds
594,Dali,CN,25.7,100.1833,51.12,74,0,4.43,clear sky
595,Kulhudhuffushi,MV,6.6221,73.07,81.54,75,56,9.01,broken clouds
596,Oussouye,SN,12.485,-16.5469,95.18,31,58,6.73,broken clouds
597,Matay,EG,28.419,30.7792,76.01,33,0,10.89,clear sky
598,Namatanai,PG,-3.6667,152.4333,80.35,82,96,9.26,overcast clouds
599,Kirovsk,UA,48.6375,38.6428,48.07,66,17,15.23,few clouds
600,Sikasso,ML,10.9167,-7.0,94.39,28,54,4.56,broken clouds
601,Rudbar,AF,30.15,62.6,63.43,50,74,2.33,broken clouds
602,Manono,CD,-7.3,27.4167,70.72,95,100,4.7,overcast clouds
603,Chumikan,RU,54.7183,135.315,16.43,80,4,20.38,clear sky
604,Fort Dodge,US,42.4975,-94.168,25.02,79,100,0.0,overcast clouds
605,Whitianga,NZ,-36.8333,175.7,54.7,90,19,6.69,few clouds
606,Benjamin Constant,BR,-4.3831,-70.0311,87.93,74,0,4.61,clear sky
607,Tanabe,JP,33.7333,135.3667,59.79,85,53,15.99,broken clouds
608,Vilcun,CL,-38.65,-72.2333,54.34,60,99,7.29,overcast clouds
609,Punta Alta,AR,-38.8759,-62.0736,59.77,94,75,10.36,light rain
610,Sawtell,AU,-30.3833,153.1,69.82,83,100,8.05,overcast clouds
611,Sola,VU,-13.8833,167.55,80.42,74,96,3.33,overcast clouds
612,Zelenchukskaya,RU,43.858,41.5894,44.24,69,39,3.49,scattered clouds
613,Veraval,IN,20.9,70.3667,79.34,62,3,2.17,clear sky
614,Terrace,CA,54.5163,-128.6035,30.11,93,100,0.0,light snow
615,Sept-Iles,CA,50.2001,-66.3821,25.05,91,100,11.5,snow
616,Labuhan,ID,-6.8844,112.2051,81.48,81,100,3.78,overcast clouds
617,Bojnurd,IR,37.4747,57.329,44.55,76,20,4.61,few clouds
618,Anadyr,RU,64.75,177.4833,-7.01,83,20,4.47,fog
619,Yenagoa,NG,4.9247,6.2642,84.31,72,97,3.6,moderate rain
620,Tyukalinsk,RU,55.8732,72.1967,32.68,98,100,14.12,snow
621,Praia Da Vitoria,PT,38.7333,-27.0667,64.76,100,75,11.43,light intensity drizzle rain
622,Singkawang,ID,0.9,109.0,77.86,89,100,1.99,moderate rain
623,Dunedin,NZ,-45.8742,170.5036,45.81,78,100,5.14,overcast clouds
624,Mareeba,AU,-17.0,145.4333,70.52,91,13,3.0,few clouds
625,Tolbazy,RU,54.0241,55.8825,37.26,98,100,7.9,light rain
626,Goderich,CA,43.7501,-81.7165,35.91,93,100,10.36,snow
627,North Port,US,27.0442,-82.2359,78.98,92,31,7.05,scattered clouds
628,Balti,MD,47.7617,27.9289,48.09,80,21,5.23,few clouds
629,Syamzha,RU,60.0158,41.0614,32.25,83,100,15.32,light snow
630,Carlsbad,US,33.1581,-117.3506,55.9,74,100,4.61,overcast clouds
631,Bull Savanna,JM,17.8868,-77.5902,81.1,66,70,1.83,broken clouds
632,Gerzat,FR,45.8243,3.144,62.55,59,0,1.14,clear sky
633,Mino,JP,34.8269,135.4706,63.63,70,100,9.22,overcast clouds
634,Shebalino,RU,51.2917,85.6772,31.77,61,100,12.12,overcast clouds
635,Saint-Francois,FR,46.4154,3.9054,49.44,93,100,3.44,overcast clouds
636,Imbituba,BR,-28.24,-48.6703,81.86,69,84,18.86,broken clouds
637,Raudeberg,NO,61.9875,5.1352,53.87,64,100,9.75,overcast clouds
638,Pamanukan,ID,-6.2842,107.8106,79.07,86,100,3.83,overcast clouds
639,Chatrapur,IN,19.35,84.9833,74.55,61,4,5.03,clear sky
640,Bahia Honda,CU,22.9036,-83.1592,80.87,71,2,6.02,clear sky
641,Laranjeiras Do Sul,BR,-25.4078,-52.4161,68.38,88,98,9.73,light rain
642,Yerbogachen,RU,61.2767,108.0108,-7.92,88,100,7.14,overcast clouds
643,San Jose De Sisa,PE,-6.6167,-76.6915,86.52,48,39,2.48,scattered clouds
644,Albi,FR,43.9298,2.148,68.5,44,29,1.99,scattered clouds
645,Morehead,US,37.2711,-87.1764,31.98,68,6,6.46,clear sky
646,Kostomuksha,RU,64.571,30.5767,26.91,97,21,2.44,few clouds
647,Gondanglegi,ID,-7.7479,112.0132,76.57,94,100,5.66,light rain
648,Palmer,US,42.1584,-72.3287,48.81,82,75,4.61,mist
649,Aktau,KZ,43.65,51.2,50.58,76,100,27.54,overcast clouds
650,Santa Maria Del Oro,MX,25.9333,-105.3667,58.24,38,3,2.55,clear sky
651,Maneromango,TZ,-7.1988,38.7848,79.57,49,34,11.45,scattered clouds
652,Belyy Yar,RU,53.6039,91.3903,37.29,72,0,13.42,clear sky
653,Poso,ID,-1.3959,120.7524,79.05,84,100,4.52,light rain
654,Les Cayes,HT,18.2,-73.75,83.86,69,30,5.68,scattered clouds
655,Nacala,MZ,-14.5428,40.6728,80.26,74,60,11.61,broken clouds
656,Murgab,TM,37.4966,61.9714,51.67,54,40,0.0,scattered clouds
657,Karratha,AU,-20.7377,116.8463,78.17,52,0,5.95,light rain
658,Pokhara,NP,28.2333,83.9833,57.22,72,0,4.34,clear sky
659,Cockburn Town,TC,21.4612,-71.1419,80.71,75,52,8.84,broken clouds
660,Balikpapan,ID,-1.2675,116.8289,76.51,90,88,4.09,overcast clouds
661,Tapioszentmarton,HU,47.3399,19.7465,52.23,99,5,6.02,clear sky
662,Svetlogorsk,BY,52.6333,29.7333,45.09,71,35,7.72,scattered clouds
663,Ciudad Bolivar,VE,8.1222,-63.5497,86.38,62,98,8.23,overcast clouds
664,Ambon,ID,-3.6954,128.1814,79.23,14,20,9.22,few clouds
665,Naranjos,MX,21.35,-97.6833,61.21,76,100,7.25,overcast clouds
666,Ardakan,IR,32.31,54.0175,59.27,44,0,4.43,clear sky
667,Jinka,ET,5.65,36.65,71.53,57,78,3.87,broken clouds
668,Guanica,PR,17.9716,-66.908,87.04,73,85,1.86,overcast clouds
669,Lazaro Cardenas,MX,17.9583,-102.2,80.15,77,63,4.27,broken clouds
670,Cadiz,ES,36.5,-5.75,71.02,39,11,7.74,few clouds
671,Muros,ES,42.7762,-9.0603,67.68,84,96,21.79,moderate rain
672,Buyukcavuslu,TR,41.2423,28.0646,57.4,62,20,12.66,few clouds
673,Dolinsk,RU,47.35,142.8,33.12,97,100,22.17,snow
674,Smithers,CA,54.7804,-127.1743,21.52,86,100,2.3,overcast clouds
675,Seoul,KR,37.5683,126.9778,49.39,94,75,1.14,broken clouds
